<!-- logback.xml -->
<configuration>

    <appender name="STDOUT" class="ch.qos.logback.core.ConsoleAppender">
        
        <encoder>
            <pattern>%d{HH:mm:ss.SSS} [%thread] %-5level %logger{36} - %msg%n</pattern>
        </encoder>
    </appender>

    <appender name="DB" class="org.bgee.log4jdbc.log4j2.Log4jdbcJdbc4_1Appender">
        <!-- Use your database configuration -->
        <param name="URL" value="jdbc:mysql://localhost:3306/logger"/>
        <param name="user" value="root"/>
        <param name="password" value=""/>
        <!-- Use the Log4jdbc log format -->
        <layout class="org.bgee.log4jdbc.log4j2.Log4jdbcLogLayout"/>
    </appender>

    <logger name="com.example" level="debug" additivity="false">
        <appender-ref ref="STDOUT" />
        <appender-ref ref="DB" />
    </logger>

    <root level="error">
        <appender-ref ref="STDOUT" />
    </root>

</configuration>
